epoch,batch,total_loss,recon_loss,kl_loss,class_loss,class_acc
1,1,4.26953125,4.26953125,7.367134094238281e-05,0.0
1,2,8.765625,8.765625,7.367134094238281e-05,0.0
1,3,2.205078125,2.205078125,7.367134094238281e-05,0.0
1,4,7.0390625,7.0390625,7.367134094238281e-05,0.0
1,5,2.61328125,2.61328125,7.367134094238281e-05,0.0
1,6,3.234375,3.234375,7.367134094238281e-05,0.0
1,7,12.015625,12.015625,7.367134094238281e-05,0.0
1,8,6.44921875,6.44921875,7.367134094238281e-05,0.0
1,9,5.546875,5.546875,7.367134094238281e-05,0.0
1,10,3.19921875,3.19921875,7.367134094238281e-05,0.0
1,11,6.07421875,6.07421875,7.367134094238281e-05,0.0
1,12,4.12890625,4.12890625,7.367134094238281e-05,0.0
1,13,7.3828125,7.3828125,7.367134094238281e-05,0.0
1,14,1.4775390625,1.4775390625,7.367134094238281e-05,0.0
1,15,6.5390625,6.5390625,7.367134094238281e-05,0.0
1,16,3.94140625,3.94140625,7.367134094238281e-05,0.0
1,17,4.42578125,4.42578125,7.367134094238281e-05,0.0
1,18,6.32421875,6.32421875,7.367134094238281e-05,0.0
1,19,4.625,4.625,7.367134094238281e-05,0.0
1,20,5.8984375,5.8984375,7.367134094238281e-05,0.0
1,21,8.7890625,8.7890625,7.367134094238281e-05,0.0
1,22,5.2734375,5.2734375,7.367134094238281e-05,0.0
1,23,4.95703125,4.95703125,7.367134094238281e-05,0.0
1,24,5.7890625,5.7890625,7.367134094238281e-05,0.0
1,25,nan,3.005859375,nan,0.0
1,26,nan,2.580078125,nan,0.0
1,27,nan,5.76171875,nan,0.0
1,28,nan,6.73828125,nan,0.0
1,29,nan,9.328125,nan,0.0
1,30,nan,1.5869140625,nan,0.0
1,31,nan,3.69140625,nan,0.0
1,32,nan,8.640625,nan,0.0
1,33,nan,2.056640625,nan,0.0
1,34,nan,2.515625,nan,0.0
1,35,nan,3.7265625,nan,0.0
1,36,nan,2.716796875,nan,0.0
1,37,nan,8.1484375,nan,0.0
1,38,nan,5.76171875,nan,0.0
1,39,nan,5.10546875,nan,0.0
1,40,nan,14.6953125,nan,0.0
1,41,nan,2.78125,nan,0.0
1,42,nan,3.4296875,nan,0.0
1,43,nan,2.849609375,nan,0.0
1,44,nan,2.7109375,nan,0.0
1,45,nan,3.796875,nan,0.0
1,46,nan,3.78515625,nan,0.0
1,47,nan,3.00390625,nan,0.0
1,48,nan,11.2734375,nan,0.0
1,49,nan,6.25390625,nan,0.0
1,50,nan,3.5390625,nan,0.0
1,51,nan,8.765625,nan,0.0
1,52,nan,4.296875,nan,0.0
1,53,nan,1.6689453125,nan,0.0
1,54,nan,5.98828125,nan,0.0
1,55,nan,5.89453125,nan,0.0
1,56,nan,2.517578125,nan,0.0
1,57,nan,4.19140625,nan,0.0
1,58,nan,6.86328125,nan,0.0
1,59,nan,1.9443359375,nan,0.0
1,60,nan,1.5556640625,nan,0.0
1,61,nan,5.0,nan,0.0
1,62,nan,9.359375,nan,0.0
1,63,nan,3.59375,nan,0.0
1,64,nan,8.5703125,nan,0.0
1,65,nan,5.7109375,nan,0.0
1,66,nan,7.92578125,nan,0.0
1,67,nan,3.130859375,nan,0.0
1,68,nan,2.71875,nan,0.0
1,69,nan,10.984375,nan,0.0
1,70,nan,3.654296875,nan,0.0
1,71,nan,2.6875,nan,0.0
1,72,nan,2.11328125,nan,0.0
1,73,nan,4.328125,nan,0.0
1,74,nan,7.24609375,nan,0.0
1,75,nan,4.828125,nan,0.0
1,76,nan,3.587890625,nan,0.0
1,77,nan,9.0078125,nan,0.0
1,78,nan,4.59375,nan,0.0
1,79,nan,3.171875,nan,0.0
1,80,nan,1.94140625,nan,0.0
1,81,nan,6.16796875,nan,0.0
1,82,nan,4.66796875,nan,0.0
1,83,nan,3.111328125,nan,0.0
1,84,nan,6.41015625,nan,0.0
1,85,nan,7.05078125,nan,0.0
1,86,nan,2.451171875,nan,0.0
1,87,nan,2.234375,nan,0.0
1,88,nan,3.9609375,nan,0.0
1,89,nan,3.224609375,nan,0.0
1,90,nan,4.8203125,nan,0.0
1,91,nan,4.02734375,nan,0.0
1,92,nan,1.7275390625,nan,0.0
1,93,nan,8.3984375,nan,0.0
1,94,nan,7.7421875,nan,0.0
1,95,nan,5.44921875,nan,0.0
1,96,nan,5.2578125,nan,0.0
1,97,nan,2.986328125,nan,0.0
1,98,nan,4.453125,nan,0.0
1,99,nan,2.09375,nan,0.0
1,100,nan,5.6484375,nan,0.0
1,101,nan,2.208984375,nan,0.0
1,102,nan,6.296875,nan,0.0
1,103,nan,2.806640625,nan,0.0
1,104,nan,2.619140625,nan,0.0
1,105,nan,4.2734375,nan,0.0
1,106,nan,2.384765625,nan,0.0
1,107,nan,9.1875,nan,0.0
1,108,nan,4.2734375,nan,0.0
1,109,nan,6.8046875,nan,0.0
1,110,nan,6.22265625,nan,0.0
1,111,nan,4.06640625,nan,0.0
1,112,nan,1.3017578125,nan,0.0
1,113,nan,3.2421875,nan,0.0
1,114,nan,3.310546875,nan,0.0
1,115,nan,13.0234375,nan,0.0
1,116,nan,1.5732421875,nan,0.0
1,117,nan,4.328125,nan,0.0
1,118,nan,5.890625,nan,0.0
1,119,nan,2.783203125,nan,0.0
1,120,nan,7.1171875,nan,0.0
1,121,nan,1.392578125,nan,0.0
1,122,nan,1.6982421875,nan,0.0
1,123,nan,5.6171875,nan,0.0
1,124,nan,3.671875,nan,0.0
1,125,nan,2.794921875,nan,0.0
1,126,nan,4.86328125,nan,0.0
1,127,nan,6.1328125,nan,0.0
1,128,nan,7.4765625,nan,0.0
1,129,nan,2.15625,nan,0.0
1,130,nan,4.80859375,nan,0.0
1,131,nan,2.84765625,nan,0.0
1,132,nan,5.86328125,nan,0.0
1,133,nan,10.0234375,nan,0.0
1,134,nan,1.369140625,nan,0.0
1,135,nan,4.28125,nan,0.0
1,136,nan,2.103515625,nan,0.0
1,137,nan,3.48828125,nan,0.0
1,138,nan,10.546875,nan,0.0
1,139,nan,4.75390625,nan,0.0
1,140,nan,1.7412109375,nan,0.0
1,141,nan,3.689453125,nan,0.0
1,142,nan,4.16015625,nan,0.0
1,143,nan,7.19921875,nan,0.0
1,144,nan,3.142578125,nan,0.0
1,145,nan,5.0625,nan,0.0
1,146,nan,3.173828125,nan,0.0
1,147,nan,4.2109375,nan,0.0
1,148,nan,2.91015625,nan,0.0
1,149,nan,3.947265625,nan,0.0
1,150,nan,7.87890625,nan,0.0
1,151,nan,8.8125,nan,0.0
1,152,nan,6.33984375,nan,0.0
1,153,nan,2.66796875,nan,0.0
1,154,nan,8.46875,nan,0.0
1,155,nan,6.59765625,nan,0.0
1,156,nan,7.45703125,nan,0.0
1,157,nan,4.35546875,nan,0.0
1,158,nan,10.046875,nan,0.0
1,159,nan,8.4921875,nan,0.0
1,160,nan,3.7265625,nan,0.0
1,161,nan,7.046875,nan,0.0
1,162,nan,6.75390625,nan,0.0
1,163,nan,1.626953125,nan,0.0
1,164,nan,4.796875,nan,0.0
1,165,nan,7.77734375,nan,0.0
1,166,nan,2.646484375,nan,0.0
1,167,nan,5.3203125,nan,0.0
1,168,nan,4.484375,nan,0.0
1,169,nan,7.84375,nan,0.0
1,170,nan,1.5810546875,nan,0.0
1,171,nan,3.216796875,nan,0.0
1,172,nan,4.9765625,nan,0.0
1,173,nan,4.828125,nan,0.0
1,174,nan,7.9296875,nan,0.0
1,175,nan,4.13671875,nan,0.0
1,176,nan,6.2734375,nan,0.0
1,177,nan,7.87109375,nan,0.0
1,178,nan,5.2265625,nan,0.0
1,179,nan,5.171875,nan,0.0
1,180,nan,3.236328125,nan,0.0
1,181,nan,6.78125,nan,0.0
1,182,nan,1.9755859375,nan,0.0
1,183,nan,2.26953125,nan,0.0
1,184,nan,1.7578125,nan,0.0
1,185,nan,5.60546875,nan,0.0
1,186,nan,2.142578125,nan,0.0
1,187,nan,4.671875,nan,0.0
1,188,nan,6.3515625,nan,0.0
1,189,nan,6.60546875,nan,0.0
1,190,nan,4.546875,nan,0.0
1,191,nan,5.6171875,nan,0.0
1,192,nan,2.64453125,nan,0.0
1,193,nan,12.3359375,nan,0.0
1,194,nan,2.775390625,nan,0.0
1,195,nan,4.015625,nan,0.0
1,196,nan,3.802734375,nan,0.0
1,197,nan,6.41015625,nan,0.0
1,198,nan,2.953125,nan,0.0
1,199,nan,7.0625,nan,0.0
1,200,nan,4.5625,nan,0.0
1,201,nan,1.4482421875,nan,0.0
1,202,nan,4.98828125,nan,0.0
1,203,nan,4.38671875,nan,0.0
1,204,nan,10.390625,nan,0.0
1,205,nan,3.0859375,nan,0.0
1,206,nan,4.00390625,nan,0.0
1,207,nan,2.9375,nan,0.0
1,208,nan,7.5546875,nan,0.0
1,209,nan,1.177734375,nan,0.0
1,210,nan,2.7109375,nan,0.0
1,211,nan,3.5,nan,0.0
1,212,nan,3.978515625,nan,0.0
1,213,nan,3.19140625,nan,0.0
1,214,nan,2.62890625,nan,0.0
1,215,nan,3.0,nan,0.0
1,216,nan,7.55078125,nan,0.0
1,217,nan,7.9140625,nan,0.0
1,218,nan,2.576171875,nan,0.0
1,219,nan,4.28515625,nan,0.0
1,220,nan,15.0234375,nan,0.0
1,221,nan,2.271484375,nan,0.0
1,222,nan,5.07421875,nan,0.0
1,223,nan,6.89453125,nan,0.0
1,224,nan,3.10546875,nan,0.0
1,225,nan,6.8984375,nan,0.0
1,226,nan,4.22265625,nan,0.0
1,227,nan,3.099609375,nan,0.0
1,228,nan,3.90625,nan,0.0
1,229,nan,5.75390625,nan,0.0
1,230,nan,2.09765625,nan,0.0
1,231,nan,5.25,nan,0.0
1,232,nan,4.70703125,nan,0.0
1,233,nan,3.873046875,nan,0.0
1,234,nan,3.640625,nan,0.0
1,235,nan,3.9296875,nan,0.0
1,236,nan,4.03515625,nan,0.0
1,237,nan,2.21484375,nan,0.0
1,238,nan,12.4921875,nan,0.0
1,239,nan,1.017578125,nan,0.0
1,240,nan,5.953125,nan,0.0
1,241,nan,4.21875,nan,0.0
1,242,nan,11.2109375,nan,0.0
1,243,nan,3.314453125,nan,0.0
1,244,nan,3.748046875,nan,0.0
1,245,nan,1.861328125,nan,0.0
1,246,nan,5.96484375,nan,0.0
1,247,nan,6.4375,nan,0.0
1,248,nan,4.45703125,nan,0.0
1,249,nan,9.265625,nan,0.0
1,250,nan,8.6171875,nan,0.0
1,251,nan,3.015625,nan,0.0
1,252,nan,4.578125,nan,0.0
1,253,nan,5.4609375,nan,0.0
1,254,nan,5.6640625,nan,0.0
1,255,nan,5.0078125,nan,0.0
1,256,nan,6.35546875,nan,0.0
1,257,nan,2.21484375,nan,0.0
1,258,nan,5.1953125,nan,0.0
1,259,nan,2.0546875,nan,0.0
1,260,nan,4.390625,nan,0.0
1,261,nan,13.0,nan,0.0
1,262,nan,5.265625,nan,0.0
1,263,nan,3.998046875,nan,0.0
1,264,nan,6.01171875,nan,0.0
1,265,nan,5.25,nan,0.0
1,266,nan,1.7705078125,nan,0.0
1,267,nan,5.71875,nan,0.0
1,268,nan,7.30859375,nan,0.0
1,269,nan,4.33203125,nan,0.0
1,270,nan,5.62109375,nan,0.0
1,271,nan,2.36328125,nan,0.0
1,272,nan,4.02734375,nan,0.0
1,273,nan,1.16015625,nan,0.0
1,274,nan,2.3046875,nan,0.0
1,275,nan,1.2353515625,nan,0.0
1,276,nan,2.3828125,nan,0.0
1,277,nan,4.9921875,nan,0.0
1,278,nan,2.00390625,nan,0.0
1,279,nan,5.1640625,nan,0.0
1,280,nan,2.966796875,nan,0.0
1,281,nan,6.42578125,nan,0.0
1,282,nan,8.5078125,nan,0.0
1,283,nan,3.638671875,nan,0.0
1,284,nan,3.669921875,nan,0.0
1,285,nan,3.2890625,nan,0.0
1,286,nan,10.328125,nan,0.0
1,287,nan,7.2734375,nan,0.0
1,288,nan,3.736328125,nan,0.0
1,289,nan,4.02734375,nan,0.0
1,290,nan,5.12109375,nan,0.0
1,291,nan,13.8515625,nan,0.0
1,292,nan,3.3515625,nan,0.0
1,293,nan,3.54296875,nan,0.0
1,294,nan,3.71484375,nan,0.0
1,295,nan,4.0546875,nan,0.0
1,296,nan,2.3671875,nan,0.0
1,297,nan,2.177734375,nan,0.0
1,298,nan,5.01171875,nan,0.0
1,299,nan,1.5625,nan,0.0
1,300,nan,6.30859375,nan,0.0
1,301,nan,2.046875,nan,0.0
1,302,nan,4.96484375,nan,0.0
1,303,nan,2.216796875,nan,0.0
1,304,nan,5.140625,nan,0.0
1,305,nan,3.703125,nan,0.0
1,306,nan,8.3984375,nan,0.0
1,307,nan,4.3515625,nan,0.0
1,308,nan,9.4375,nan,0.0
1,309,nan,1.201171875,nan,0.0
1,310,nan,8.3828125,nan,0.0
1,311,nan,10.9296875,nan,0.0
1,312,nan,2.955078125,nan,0.0
1,313,nan,6.109375,nan,0.0
1,314,nan,5.17578125,nan,0.0
1,315,nan,5.71875,nan,0.0
1,316,nan,3.283203125,nan,0.0
1,317,nan,6.453125,nan,0.0
1,318,nan,3.744140625,nan,0.0
1,319,nan,8.703125,nan,0.0
1,320,nan,2.306640625,nan,0.0
1,321,nan,7.11328125,nan,0.0
1,322,nan,8.1875,nan,0.0
1,323,nan,7.64453125,nan,0.0
1,324,nan,5.546875,nan,0.0
1,325,nan,2.04296875,nan,0.0
1,326,nan,4.53515625,nan,0.0
1,327,nan,4.05859375,nan,0.0
1,328,nan,3.232421875,nan,0.0
1,329,nan,3.25390625,nan,0.0
1,330,nan,3.0,nan,0.0
1,331,nan,6.2265625,nan,0.0
1,332,nan,6.1484375,nan,0.0
1,333,nan,8.1484375,nan,0.0
1,334,nan,5.0390625,nan,0.0
1,335,nan,2.146484375,nan,0.0
1,336,nan,6.80859375,nan,0.0
1,337,nan,3.1796875,nan,0.0
1,338,nan,9.296875,nan,0.0
1,339,nan,4.4375,nan,0.0
1,340,nan,2.2734375,nan,0.0
1,341,nan,6.1328125,nan,0.0
1,342,nan,3.287109375,nan,0.0
1,343,nan,10.1796875,nan,0.0
1,344,nan,2.42578125,nan,0.0
1,345,nan,9.1796875,nan,0.0
1,346,nan,6.5234375,nan,0.0
1,347,nan,5.6484375,nan,0.0
1,348,nan,2.51953125,nan,0.0
1,349,nan,3.3515625,nan,0.0
1,350,nan,6.58203125,nan,0.0
1,351,nan,13.78125,nan,0.0
1,352,nan,3.302734375,nan,0.0
1,353,nan,4.08984375,nan,0.0
1,354,nan,3.17578125,nan,0.0
1,355,nan,6.7890625,nan,0.0
1,356,nan,6.19140625,nan,0.0
1,357,nan,9.2421875,nan,0.0
1,358,nan,10.96875,nan,0.0
1,359,nan,2.560546875,nan,0.0
1,360,nan,1.24609375,nan,0.0
1,361,nan,6.53125,nan,0.0
1,362,nan,3.87890625,nan,0.0
1,363,nan,2.87890625,nan,0.0
1,364,nan,5.546875,nan,0.0
1,365,nan,7.4375,nan,0.0
1,366,nan,2.6328125,nan,0.0
1,367,nan,2.716796875,nan,0.0
1,368,nan,11.6640625,nan,0.0
1,369,nan,5.57421875,nan,0.0
1,370,nan,9.6640625,nan,0.0
1,371,nan,5.59375,nan,0.0
1,372,nan,8.2578125,nan,0.0
1,373,nan,4.16015625,nan,0.0
1,374,nan,8.890625,nan,0.0
1,375,nan,4.23828125,nan,0.0
1,376,nan,10.7890625,nan,0.0
1,377,nan,5.828125,nan,0.0
1,378,nan,3.80859375,nan,0.0
1,379,nan,3.125,nan,0.0
1,380,nan,4.55859375,nan,0.0
1,381,nan,2.783203125,nan,0.0
1,382,nan,2.087890625,nan,0.0
1,383,nan,6.33984375,nan,0.0
1,384,nan,3.365234375,nan,0.0
1,385,nan,3.58203125,nan,0.0
1,386,nan,2.337890625,nan,0.0
1,387,nan,6.35546875,nan,0.0
1,388,nan,5.78125,nan,0.0
1,389,nan,3.251953125,nan,0.0
1,390,nan,6.21875,nan,0.0
1,391,nan,2.001953125,nan,0.0
1,392,nan,6.63671875,nan,0.0
1,393,nan,4.4921875,nan,0.0
1,394,nan,5.796875,nan,0.0
1,395,nan,2.72265625,nan,0.0
1,396,nan,6.15234375,nan,0.0
1,397,nan,1.1787109375,nan,0.0
1,398,nan,3.701171875,nan,0.0
1,399,nan,2.873046875,nan,0.0
1,400,nan,3.908203125,nan,0.0
1,401,nan,2.916015625,nan,0.0
1,402,nan,11.8359375,nan,0.0
1,403,nan,4.82421875,nan,0.0
1,404,nan,2.9140625,nan,0.0
1,405,nan,4.8359375,nan,0.0
1,406,nan,2.3046875,nan,0.0
1,407,nan,4.734375,nan,0.0
1,408,nan,7.53125,nan,0.0
1,409,nan,3.18359375,nan,0.0
1,410,nan,5.26171875,nan,0.0
1,411,nan,9.75,nan,0.0
1,412,nan,3.099609375,nan,0.0
1,413,nan,4.12109375,nan,0.0
1,414,nan,4.953125,nan,0.0
1,415,nan,4.6640625,nan,0.0
1,416,nan,3.33984375,nan,0.0
1,417,nan,3.056640625,nan,0.0
1,418,nan,7.5,nan,0.0
1,419,nan,5.453125,nan,0.0
1,420,nan,1.138671875,nan,0.0
1,421,nan,4.76953125,nan,0.0
1,422,nan,3.443359375,nan,0.0
1,423,nan,2.802734375,nan,0.0
1,424,nan,0.85791015625,nan,0.0
1,425,nan,2.03125,nan,0.0
1,426,nan,7.703125,nan,0.0
1,427,nan,3.859375,nan,0.0
1,428,nan,5.546875,nan,0.0
1,429,nan,7.328125,nan,0.0
1,430,nan,2.599609375,nan,0.0
1,431,nan,6.64453125,nan,0.0
1,432,nan,5.12109375,nan,0.0
1,433,nan,3.119140625,nan,0.0
1,434,nan,5.48828125,nan,0.0
1,435,nan,5.37109375,nan,0.0
1,436,nan,8.140625,nan,0.0
1,437,nan,7.109375,nan,0.0
1,438,nan,9.9375,nan,0.0
1,439,nan,8.21875,nan,0.0
1,440,nan,2.767578125,nan,0.0
1,441,nan,5.42578125,nan,0.0
1,442,nan,4.4296875,nan,0.0
1,443,nan,4.0546875,nan,0.0
1,444,nan,3.328125,nan,0.0
1,445,nan,6.125,nan,0.0
1,446,nan,7.40234375,nan,0.0
1,447,nan,3.583984375,nan,0.0
1,448,nan,5.48828125,nan,0.0
1,449,nan,4.65625,nan,0.0
1,450,nan,2.515625,nan,0.0
1,451,nan,2.88671875,nan,0.0
1,452,nan,4.88671875,nan,0.0
1,453,nan,6.12890625,nan,0.0
1,454,nan,8.5703125,nan,0.0
1,455,nan,8.4921875,nan,0.0
1,456,nan,5.14453125,nan,0.0
1,457,nan,3.25390625,nan,0.0
1,458,nan,3.263671875,nan,0.0
1,459,nan,3.287109375,nan,0.0
